Transaction ID,Date,Customer ID,Age,Product Category,Quantity,Price per Unit,Total Amount
1,24-11-2023,CUST001,34,Beauty,3,50,150
2,27-02-2023,CUST002,26,Clothing,2,500,1000
3,13-01-2023,CUST003,50,Electronics,1,30,30
4,21-05-2023,CUST004,37,Clothing,1,500,500
5,06-05-2023,CUST005,30,Beauty,2,50,100
6,25-04-2023,CUST006,45,Beauty,1,30,30
7,13-03-2023,CUST007,46,Clothing,2,25,50
8,22-02-2023,CUST008,30,Electronics,4,25,100
9,13-12-2023,CUST009,63,Electronics,2,300,600
10,07-10-2023,CUST010,52,Clothing,4,50,200
11,14-02-2023,CUST011,23,Clothing,2,50,100
12,30-10-2023,CUST012,35,Beauty,3,25,75
13,05-08-2023,CUST013,22,Electronics,3,500,1500
14,17-01-2023,CUST014,64,Clothing,4,30,120
15,16-01-2023,CUST015,42,Electronics,4,500,2000
16,17-02-2023,CUST016,19,Clothing,3,500,1500
17,22-04-2023,CUST017,27,Clothing,4,25,100
18,30-04-2023,CUST018,47,Electronics,2,25,50
19,16-09-2023,CUST019,62,Clothing,2,25,50
20,05-11-2023,CUST020,22,Clothing,3,300,900
21,14-01-2023,CUST021,50,Beauty,1,500,500
22,15-10-2023,CUST022,18,Clothing,2,50,100
23,12-04-2023,CUST023,35,Clothing,4,30,120
24,29-11-2023,CUST024,49,Clothing,1,300,300
25,26-12-2023,CUST025,64,Beauty,1,50,50
26,07-10-2023,CUST026,28,Electronics,2,500,1000
27,03-08-2023,CUST027,38,Beauty,2,25,50
28,23-04-2023,CUST028,43,Beauty,1,500,500
29,18-08-2023,CUST029,42,Electronics,1,30,30
30,29-10-2023,CUST030,39,Beauty,3,300,900
31,23-05-2023,CUST031,44,Electronics,4,300,1200
32,04-01-2023,CUST032,30,Beauty,3,30,90
33,23-03-2023,CUST033,50,Electronics,2,50,100
34,24-12-2023,CUST034,51,Clothing,3,50,150
35,05-08-2023,CUST035,58,Beauty,3,300,900
36,24-06-2023,CUST036,52,Beauty,3,300,900
37,23-05-2023,CUST037,18,Beauty,3,25,75
38,21-03-2023,CUST038,38,Beauty,4,50,200
39,21-04-2023,CUST039,23,Clothing,4,30,120
40,22-06-2023,CUST040,45,Beauty,1,50,50
41,22-02-2023,CUST041,34,Clothing,2,25,50
42,17-02-2023,CUST042,22,Clothing,3,300,900
43,14-07-2023,CUST043,48,Clothing,1,300,300
44,19-02-2023,CUST044,22,Clothing,1,25,25
45,03-07-2023,CUST045,55,Electronics,1,30,30
46,26-06-2023,CUST046,20,Electronics,4,300,1200
47,06-11-2023,CUST047,40,Beauty,3,500,1500
48,16-05-2023,CUST048,54,Electronics,3,300,900
49,23-01-2023,CUST049,54,Electronics,2,500,1000
50,24-08-2023,CUST050,27,Beauty,3,25,75
51,02-10-2023,CUST051,27,Beauty,3,25,75
52,05-03-2023,CUST052,36,Beauty,1,300,300
53,13-07-2023,CUST053,34,Electronics,2,50,100
54,10-02-2023,CUST054,38,Electronics,3,500,1500
55,10-10-2023,CUST055,31,Beauty,4,30,120
56,31-05-2023,CUST056,26,Clothing,3,300,900
57,18-11-2023,CUST057,63,Beauty,1,30,30
58,13-11-2023,CUST058,18,Clothing,4,300,1200
59,05-07-2023,CUST059,62,Clothing,1,50,50
60,23-10-2023,CUST060,30,Beauty,3,50,150
61,09-04-2023,CUST061,21,Beauty,4,50,200
62,27-12-2023,CUST062,18,Beauty,2,50,100
63,05-02-2023,CUST063,57,Electronics,2,25,50
64,24-01-2023,CUST064,49,Clothing,4,25,100
65,05-12-2023,CUST065,51,Electronics,4,500,2000
66,27-04-2023,CUST066,45,Electronics,1,30,30
67,29-05-2023,CUST067,48,Beauty,4,300,1200
68,10-02-2023,CUST068,25,Electronics,1,300,300
69,30-04-2023,CUST069,56,Beauty,3,25,75
70,21-02-2023,CUST070,43,Clothing,1,300,300
71,14-07-2023,CUST071,51,Beauty,4,25,100
72,23-05-2023,CUST072,20,Electronics,4,500,2000
73,21-08-2023,CUST073,29,Electronics,3,30,90
74,22-11-2023,CUST074,18,Beauty,4,500,2000
75,06-07-2023,CUST075,61,Beauty,4,50,200
76,25-03-2023,CUST076,22,Electronics,2,50,100
77,09-07-2023,CUST077,47,Clothing,2,50,100
78,01-07-2023,CUST078,47,Clothing,3,500,1500
79,18-04-2023,CUST079,34,Beauty,1,300,300
80,10-12-2023,CUST080,64,Clothing,2,30,60
81,17-05-2023,CUST081,40,Electronics,1,50,50
82,26-12-2023,CUST082,32,Beauty,4,50,200
83,16-12-2023,CUST083,54,Electronics,2,50,100
84,28-11-2023,CUST084,38,Electronics,3,30,90
85,06-02-2023,CUST085,31,Clothing,3,50,150
86,08-11-2023,CUST086,19,Beauty,3,30,90
87,22-11-2023,CUST087,28,Beauty,2,50,100
88,29-03-2023,CUST088,56,Clothing,1,500,500
89,01-10-2023,CUST089,55,Electronics,4,500,2000
90,06-05-2023,CUST090,51,Electronics,1,30,30
91,25-03-2023,CUST091,55,Electronics,1,500,500
92,25-08-2023,CUST092,51,Electronics,4,30,120
93,14-07-2023,CUST093,35,Beauty,4,500,2000
94,19-05-2023,CUST094,47,Beauty,2,500,1000
95,24-11-2023,CUST095,32,Clothing,2,30,60
96,19-12-2023,CUST096,44,Clothing,2,300,600
97,13-10-2023,CUST097,51,Beauty,2,500,1000
98,23-04-2023,CUST098,55,Beauty,2,50,100
99,17-12-2023,CUST099,50,Electronics,4,300,1200
100,16-06-2023,CUST100,41,Electronics,1,30,30
101,29-01-2023,CUST101,32,Clothing,2,300,600
102,28-04-2023,CUST102,47,Beauty,2,25,50
103,17-01-2023,CUST103,59,Clothing,1,25,25
104,11-06-2023,CUST104,34,Beauty,2,500,1000
105,25-07-2023,CUST105,22,Electronics,1,500,500
106,18-05-2023,CUST106,46,Clothing,1,50,50
107,03-02-2023,CUST107,21,Clothing,4,300,1200
108,19-04-2023,CUST108,27,Beauty,3,25,75
109,18-10-2023,CUST109,34,Electronics,4,500,2000
110,11-06-2023,CUST110,27,Clothing,3,300,900
111,19-04-2023,CUST111,34,Electronics,3,500,1500
112,02-12-2023,CUST112,37,Clothing,3,500,1500
113,13-09-2023,CUST113,41,Electronics,2,25,50
114,22-07-2023,CUST114,22,Beauty,4,25,100
115,26-11-2023,CUST115,51,Clothing,3,500,1500
116,23-08-2023,CUST116,23,Clothing,1,30,30
117,15-03-2023,CUST117,19,Electronics,2,500,1000
118,16-05-2023,CUST118,30,Electronics,4,500,2000
119,13-03-2023,CUST119,60,Clothing,3,50,150
120,07-05-2023,CUST120,60,Beauty,1,50,50
121,15-10-2023,CUST121,28,Electronics,4,50,200
122,03-10-2023,CUST122,64,Electronics,4,30,120
123,15-05-2023,CUST123,40,Electronics,2,30,60
124,27-10-2023,CUST124,33,Clothing,4,500,2000
125,08-08-2023,CUST125,48,Clothing,2,50,100
126,26-10-2023,CUST126,28,Clothing,3,30,90
127,24-07-2023,CUST127,33,Clothing,2,25,50
128,05-07-2023,CUST128,25,Beauty,1,500,500
129,23-04-2023,CUST129,21,Beauty,2,300,600
130,12-03-2023,CUST130,57,Clothing,1,500,500
131,18-09-2023,CUST131,21,Beauty,2,300,600
132,10-09-2023,CUST132,42,Electronics,4,50,200
133,16-02-2023,CUST133,20,Electronics,3,300,900
134,25-01-2023,CUST134,49,Electronics,1,50,50
135,26-02-2023,CUST135,20,Clothing,2,25,50
136,20-03-2023,CUST136,44,Electronics,2,300,600
137,18-11-2023,CUST137,46,Beauty,2,500,1000
138,23-03-2023,CUST138,49,Clothing,4,50,200
139,15-12-2023,CUST139,36,Beauty,4,500,2000
140,05-08-2023,CUST140,38,Electronics,1,30,30
141,02-11-2023,CUST141,22,Electronics,1,50,50
142,02-02-2023,CUST142,35,Electronics,4,300,1200
143,17-07-2023,CUST143,45,Clothing,1,50,50
144,15-07-2023,CUST144,59,Beauty,3,500,1500
145,02-11-2023,CUST145,39,Clothing,3,25,75
146,28-08-2023,CUST146,38,Clothing,4,50,200
147,28-09-2023,CUST147,23,Electronics,1,300,300
148,09-05-2023,CUST148,18,Clothing,2,30,60
149,11-10-2023,CUST149,22,Clothing,3,25,75
150,06-01-2023,CUST150,58,Electronics,4,30,120
151,15-12-2023,CUST151,29,Clothing,1,50,50
152,28-02-2023,CUST152,43,Electronics,4,500,2000
153,16-12-2023,CUST153,63,Electronics,2,500,1000
154,02-10-2023,CUST154,51,Electronics,3,300,900
155,17-05-2023,CUST155,31,Electronics,4,500,2000
156,25-11-2023,CUST156,43,Clothing,4,25,100
157,24-06-2023,CUST157,62,Electronics,4,500,2000
158,27-02-2023,CUST158,44,Electronics,2,300,600
159,31-05-2023,CUST159,26,Clothing,4,50,200
160,11-08-2023,CUST160,43,Clothing,2,50,100
161,22-03-2023,CUST161,64,Beauty,2,500,1000
162,21-08-2023,CUST162,39,Clothing,2,30,60
163,02-01-2023,CUST163,64,Clothing,3,50,150
164,15-05-2023,CUST164,47,Beauty,3,500,1500
165,14-09-2023,CUST165,60,Clothing,4,300,1200
166,02-04-2023,CUST166,34,Clothing,4,500,2000
167,17-09-2023,CUST167,43,Clothing,3,50,150
168,24-02-2023,CUST168,53,Clothing,1,300,300
169,17-11-2023,CUST169,18,Beauty,3,500,1500
170,02-06-2023,CUST170,25,Clothing,2,25,50
171,24-11-2023,CUST171,52,Clothing,3,300,900
172,17-09-2023,CUST172,32,Beauty,2,25,50
173,08-11-2023,CUST173,64,Electronics,4,30,120
174,12-04-2023,CUST174,39,Beauty,1,300,300
175,20-03-2023,CUST175,31,Electronics,4,25,100
176,11-07-2023,CUST176,43,Beauty,2,50,100
177,24-03-2023,CUST177,45,Beauty,2,50,100
178,04-10-2023,CUST178,40,Clothing,2,30,60
179,29-09-2023,CUST179,31,Electronics,1,300,300
180,01-01-2023,CUST180,41,Clothing,3,300,900
181,03-11-2023,CUST181,19,Electronics,4,300,1200
182,15-06-2023,CUST182,62,Beauty,4,30,120
183,08-09-2023,CUST183,43,Beauty,3,300,900
184,10-01-2023,CUST184,31,Electronics,4,50,200
185,27-02-2023,CUST185,24,Clothing,1,25,25
186,05-07-2023,CUST186,20,Clothing,4,50,200
187,07-06-2023,CUST187,64,Clothing,2,50,100
188,03-05-2023,CUST188,40,Clothing,3,25,75
189,30-01-2023,CUST189,63,Beauty,1,50,50
190,04-05-2023,CUST190,60,Beauty,3,30,90
191,18-10-2023,CUST191,64,Beauty,1,25,25
192,10-02-2023,CUST192,62,Beauty,2,50,100
193,13-02-2023,CUST193,35,Beauty,3,500,1500
194,06-09-2023,CUST194,55,Clothing,4,50,200
195,05-02-2023,CUST195,52,Clothing,1,30,30
196,30-09-2023,CUST196,32,Clothing,3,300,900
197,06-03-2023,CUST197,42,Clothing,4,50,200
198,07-03-2023,CUST198,54,Beauty,3,300,900
199,04-12-2023,CUST199,45,Beauty,3,500,1500
200,01-09-2023,CUST200,27,Beauty,3,50,150
201,09-10-2023,CUST201,56,Electronics,1,25,25
41,22-02-2023,CUST041,34,Clothing,2,25,50
42,17-02-2023,CUST042,22,Clothing,3,300,900
43,14-07-2023,CUST043,48,Clothing,1,300,300
44,19-02-2023,CUST044,22,Clothing,1,25,25
45,03-07-2023,CUST045,55,Electronics,1,30,30
46,26-06-2023,CUST046,20,Electronics,4,300,1200
47,06-11-2023,CUST047,40,Beauty,3,500,1500
48,16-05-2023,CUST048,54,Electronics,3,300,900
49,23-01-2023,CUST049,54,Electronics,2,500,1000
210,13-04-2023,CUST210,37,Electronics,4,50,200
211,01-01-2024,CUST211,42,Beauty,3,500,1500
212,09-06-2023,CUST212,21,Clothing,3,500,1500
213,24-07-2023,CUST213,27,Beauty,3,500,1500
214,10-12-2023,CUST214,20,Beauty,2,30,60
215,29-11-2023,CUST215,58,Clothing,3,500,1500
216,11-07-2023,CUST216,62,Electronics,2,50,100
217,13-08-2023,CUST217,35,Electronics,4,50,200
218,22-09-2023,CUST218,64,Beauty,3,30,90
219,20-08-2023,CUST219,53,Electronics,3,30,90
220,03-03-2023,CUST220,64,Beauty,1,500,500
221,07-05-2023,CUST221,39,Beauty,2,300,600
222,26-04-2023,CUST222,51,Clothing,4,30,120
223,02-02-2023,CUST223,64,Clothing,1,25,25
224,23-06-2023,CUST224,25,Clothing,1,50,50
225,11-01-2023,CUST225,57,Beauty,4,25,100
226,29-10-2023,CUST226,61,Clothing,1,50,50
227,11-10-2023,CUST227,36,Electronics,2,50,100
228,28-04-2023,CUST228,59,Electronics,2,30,60
229,29-10-2023,CUST229,58,Beauty,3,30,90
230,23-04-2023,CUST230,54,Beauty,1,25,25
231,04-01-2023,CUST231,23,Clothing,3,50,150
232,06-02-2023,CUST232,43,Beauty,1,25,25
233,29-12-2023,CUST233,51,Beauty,2,300,600
234,20-11-2023,CUST234,62,Electronics,2,25,50
235,31-01-2023,CUST235,23,Electronics,2,500,1000
236,28-04-2023,CUST236,54,Clothing,1,25,25
237,04-02-2023,CUST237,50,Beauty,2,500,1000
238,17-01-2023,CUST238,39,Beauty,1,500,500
239,19-06-2023,CUST239,38,Electronics,3,500,1500
240,06-02-2023,CUST240,23,Beauty,1,300,300
241,21-09-2023,CUST241,23,Electronics,3,25,75
242,02-05-2023,CUST242,21,Clothing,1,25,25
243,23-05-2023,CUST243,47,Electronics,3,300,900
244,09-12-2023,CUST244,28,Beauty,2,50,100
245,06-09-2023,CUST245,47,Clothing,3,30,90
246,20-04-2023,CUST246,48,Electronics,2,25,50
247,04-10-2023,CUST247,41,Electronics,2,30,60
248,09-03-2023,CUST248,26,Clothing,3,300,900
249,20-10-2023,CUST249,20,Clothing,1,50,50
250,23-10-2023,CUST250,48,Electronics,1,50,50
251,31-08-2023,CUST251,57,Beauty,4,50,200
252,05-05-2023,CUST252,54,Electronics,1,300,300
253,31-08-2023,CUST253,53,Clothing,4,500,2000
254,28-07-2023,CUST254,41,Electronics,1,500,500
255,08-04-2023,CUST255,48,Clothing,1,30,30
256,18-02-2023,CUST256,23,Clothing,2,500,1000
257,19-02-2023,CUST257,19,Beauty,4,500,2000
258,04-12-2023,CUST258,37,Clothing,1,50,50
259,09-08-2023,CUST259,45,Clothing,4,50,200
260,01-07-2023,CUST260,28,Beauty,2,30,60
261,05-08-2023,CUST261,21,Clothing,2,25,50
262,30-07-2023,CUST262,32,Beauty,4,30,120
263,28-08-2023,CUST263,23,Beauty,2,30,60
264,28-01-2023,CUST264,47,Clothing,3,300,900
265,11-12-2023,CUST265,55,Clothing,3,300,900
266,01-12-2023,CUST266,19,Electronics,2,30,60
267,27-11-2023,CUST267,32,Beauty,3,30,90
268,20-02-2023,CUST268,28,Electronics,1,30,30
269,01-02-2023,CUST269,25,Clothing,4,500,2000
270,26-07-2023,CUST270,43,Electronics,1,300,300
271,23-06-2023,CUST271,62,Beauty,4,30,120
272,25-02-2023,CUST272,61,Electronics,2,50,100
273,08-05-2023,CUST273,22,Beauty,1,50,50
274,09-04-2023,CUST274,23,Clothing,2,500,1000
275,08-04-2023,CUST275,43,Clothing,2,500,1000
276,02-10-2023,CUST276,21,Beauty,4,25,100
277,18-08-2023,CUST277,36,Clothing,4,25,100
278,13-03-2023,CUST278,37,Clothing,4,25,100
279,05-08-2023,CUST279,50,Clothing,1,500,500
280,04-04-2023,CUST280,37,Clothing,3,500,1500
281,23-05-2023,CUST281,29,Beauty,4,500,2000
282,25-08-2023,CUST282,64,Electronics,4,50,200
283,08-05-2023,CUST283,18,Electronics,1,500,500
284,08-02-2023,CUST284,43,Clothing,4,50,200
285,15-08-2023,CUST285,31,Electronics,1,25,25
286,09-10-2023,CUST286,55,Electronics,2,25,50
287,20-02-2023,CUST287,54,Clothing,4,25,100
288,26-01-2023,CUST288,28,Clothing,4,30,120
289,30-11-2023,CUST289,53,Electronics,2,30,60
290,04-10-2023,CUST290,30,Beauty,2,300,600
291,08-01-2023,CUST291,60,Clothing,2,300,600
292,17-02-2023,CUST292,20,Beauty,4,300,1200
293,02-05-2023,CUST293,50,Electronics,3,30,90
294,27-03-2023,CUST294,23,Clothing,3,30,90
295,28-07-2023,CUST295,27,Beauty,3,300,900
296,06-09-2023,CUST296,22,Clothing,4,300,1200
297,04-09-2023,CUST297,40,Electronics,2,500,1000
298,20-04-2023,CUST298,27,Beauty,4,300,1200
299,25-07-2023,CUST299,61,Electronics,2,500,1000
300,31-01-2023,CUST300,19,Electronics,4,50,200
301,26-03-2023,CUST301,30,Clothing,4,30,120
302,14-07-2023,CUST302,57,Beauty,2,300,600
303,02-01-2023,CUST303,19,Electronics,3,30,90
304,19-07-2023,CUST304,37,Electronics,2,30,60
305,16-05-2023,CUST305,18,Beauty,1,30,30
306,21-08-2023,CUST306,54,Electronics,1,50,50
307,27-05-2023,CUST307,26,Electronics,2,25,50
308,05-08-2023,CUST308,34,Beauty,4,300,1200
309,23-12-2023,CUST309,26,Beauty,1,25,25
310,12-10-2023,CUST310,28,Beauty,1,25,25
311,05-12-2023,CUST311,32,Beauty,4,25,100
312,07-09-2023,CUST312,41,Clothing,4,30,120
313,21-03-2023,CUST313,55,Beauty,3,500,1500
314,08-04-2023,CUST314,52,Clothing,4,30,120
315,01-06-2023,CUST315,47,Clothing,2,30,60
316,22-04-2023,CUST316,48,Clothing,2,25,50
317,30-01-2023,CUST317,22,Electronics,3,30,90
318,24-10-2023,CUST318,61,Clothing,1,25,25
319,05-10-2023,CUST319,31,Clothing,1,500,500
320,01-02-2023,CUST320,28,Electronics,4,300,1200
321,10-06-2023,CUST321,26,Electronics,2,25,50
322,30-01-2023,CUST322,51,Electronics,1,500,500
323,26-01-2023,CUST323,29,Beauty,3,300,900
324,27-10-2023,CUST324,52,Electronics,3,50,150
325,02-09-2023,CUST325,52,Electronics,2,25,50
326,15-09-2023,CUST326,18,Clothing,3,25,75
327,29-09-2023,CUST327,57,Electronics,3,50,150
328,22-03-2023,CUST328,39,Beauty,2,50,100
329,30-01-2023,CUST329,46,Electronics,4,25,100
330,18-09-2023,CUST330,25,Beauty,4,50,200
331,11-02-2023,CUST331,28,Electronics,3,30,90
332,06-04-2023,CUST332,58,Electronics,4,300,1200
333,05-02-2023,CUST333,54,Electronics,4,300,1200
334,01-11-2023,CUST334,31,Electronics,3,300,900
335,04-02-2023,CUST335,47,Beauty,4,30,120
336,12-12-2023,CUST336,52,Beauty,3,50,150
337,01-05-2023,CUST337,38,Clothing,1,500,500
338,26-07-2023,CUST338,54,Beauty,2,50,100
339,03-03-2023,CUST339,22,Electronics,2,25,50
340,19-10-2023,CUST340,36,Clothing,4,300,1200
341,07-05-2023,CUST341,31,Clothing,4,50,200
342,24-10-2023,CUST342,43,Clothing,4,500,2000
343,01-11-2023,CUST343,21,Electronics,2,25,50
344,21-01-2023,CUST344,42,Beauty,1,30,30
345,14-11-2023,CUST345,62,Electronics,1,30,30
346,11-02-2023,CUST346,59,Clothing,2,500,1000
347,03-08-2023,CUST347,42,Electronics,1,25,25
348,03-12-2023,CUST348,35,Electronics,2,300,600
349,26-10-2023,CUST349,57,Beauty,1,50,50
350,17-10-2023,CUST350,25,Beauty,3,25,75
351,25-09-2023,CUST351,56,Clothing,3,30,90
352,11-06-2023,CUST352,57,Electronics,2,500,1000
353,14-05-2023,CUST353,31,Electronics,1,500,500
354,15-04-2023,CUST354,49,Beauty,4,50,200
355,09-12-2023,CUST355,55,Electronics,1,500,500
356,10-06-2023,CUST356,50,Electronics,3,500,1500
357,03-05-2023,CUST357,40,Electronics,3,25,75
358,16-05-2023,CUST358,32,Beauty,1,300,300
359,22-07-2023,CUST359,50,Clothing,1,50,50
360,09-03-2023,CUST360,42,Clothing,4,25,100
361,10-12-2023,CUST361,34,Electronics,4,300,1200
362,27-11-2023,CUST362,50,Clothing,1,25,25
363,03-06-2023,CUST363,64,Beauty,1,25,25
364,23-08-2023,CUST364,19,Beauty,1,500,500
365,11-06-2023,CUST365,31,Clothing,1,300,300
366,07-02-2023,CUST366,57,Clothing,2,50,100
367,05-01-2023,CUST367,57,Electronics,1,50,50
368,23-08-2023,CUST368,56,Clothing,4,300,1200
369,15-11-2023,CUST369,23,Electronics,3,500,1500
370,16-10-2023,CUST370,23,Electronics,2,30,60
371,21-02-2023,CUST371,20,Beauty,1,25,25
372,07-02-2023,CUST372,24,Beauty,3,500,1500
373,03-10-2023,CUST373,25,Beauty,2,300,600
374,20-04-2023,CUST374,59,Beauty,3,25,75
375,17-09-2023,CUST375,32,Clothing,1,50,50
376,16-05-2023,CUST376,64,Beauty,1,30,30
377,09-03-2023,CUST377,46,Clothing,4,50,200
378,28-06-2023,CUST378,50,Beauty,1,300,300
379,05-02-2023,CUST379,47,Clothing,1,25,25
380,06-05-2023,CUST380,56,Electronics,2,300,600
381,09-07-2023,CUST381,44,Clothing,4,25,100
382,26-05-2023,CUST382,53,Clothing,2,500,1000
383,22-03-2023,CUST383,46,Beauty,3,30,90
384,13-08-2023,CUST384,55,Clothing,1,500,500
385,06-10-2023,CUST385,50,Electronics,3,500,1500
386,27-12-2023,CUST386,54,Electronics,2,300,600
387,04-06-2023,CUST387,44,Beauty,1,30,30
388,10-11-2023,CUST388,50,Electronics,1,25,25
389,01-12-2023,CUST389,21,Clothing,2,25,50
390,28-09-2023,CUST390,39,Electronics,2,50,100
391,05-01-2023,CUST391,19,Beauty,2,25,50
392,08-12-2023,CUST392,27,Clothing,2,300,600
393,11-10-2023,CUST393,22,Beauty,2,500,1000
394,03-06-2023,CUST394,27,Clothing,1,500,500
395,06-12-2023,CUST395,50,Electronics,2,500,1000
396,23-02-2023,CUST396,55,Beauty,1,30,30
397,10-03-2023,CUST397,30,Beauty,1,25,25
398,16-05-2023,CUST398,48,Clothing,2,300,600
399,01-03-2023,CUST399,64,Beauty,2,30,60
400,24-02-2023,CUST400,53,Clothing,4,50,200
401,11-10-2023,CUST401,62,Clothing,1,300,300
402,21-03-2023,CUST402,41,Clothing,2,300,600
403,20-05-2023,CUST403,32,Clothing,2,300,600
404,25-05-2023,CUST404,46,Electronics,2,500,1000
405,06-11-2023,CUST405,25,Clothing,4,300,1200
406,18-04-2023,CUST406,22,Beauty,4,25,100
407,25-06-2023,CUST407,46,Electronics,3,300,900
408,15-04-2023,CUST408,64,Beauty,1,500,500
409,18-12-2023,CUST409,21,Electronics,3,300,900
410,21-11-2023,CUST410,29,Clothing,2,50,100
411,16-05-2023,CUST411,62,Electronics,4,50,200
412,16-09-2023,CUST412,19,Electronics,4,500,2000
413,08-09-2023,CUST413,44,Beauty,3,25,75
414,09-05-2023,CUST414,48,Beauty,4,25,100
415,27-01-2023,CUST415,53,Clothing,2,30,60
416,17-02-2023,CUST416,53,Electronics,4,500,2000
417,21-11-2023,CUST417,43,Electronics,3,300,900
418,05-08-2023,CUST418,60,Electronics,2,500,1000
419,22-05-2023,CUST419,44,Clothing,3,30,90
420,23-01-2023,CUST420,22,Clothing,4,500,2000
421,02-01-2023,CUST421,37,Clothing,3,500,1500
422,20-06-2023,CUST422,28,Clothing,3,30,90
423,08-03-2023,CUST423,27,Clothing,1,25,25
424,23-11-2023,CUST424,57,Beauty,4,300,1200
425,15-05-2023,CUST425,55,Electronics,4,30,120
426,24-03-2023,CUST426,23,Electronics,3,50,150
427,15-08-2023,CUST427,25,Electronics,1,25,25
428,10-10-2023,CUST428,40,Electronics,4,50,200
429,28-12-2023,CUST429,64,Electronics,2,25,50
430,07-08-2023,CUST430,43,Electronics,3,300,900
431,15-10-2023,CUST431,63,Electronics,4,300,1200
432,05-01-2023,CUST432,60,Electronics,2,500,1000
433,27-02-2023,CUST433,29,Beauty,4,50,200
434,08-02-2023,CUST434,43,Electronics,2,25,50
435,20-12-2023,CUST435,30,Beauty,3,300,900
436,18-03-2023,CUST436,57,Clothing,4,30,120
437,07-10-2023,CUST437,35,Electronics,4,300,1200
438,19-01-2023,CUST438,42,Clothing,1,30,30
439,09-07-2023,CUST439,50,Clothing,3,25,75
440,26-10-2023,CUST440,64,Clothing,2,300,600
441,10-10-2023,CUST441,57,Beauty,4,300,1200
442,17-03-2023,CUST442,60,Clothing,4,25,100
443,09-08-2023,CUST443,29,Clothing,2,300,600
444,07-03-2023,CUST444,61,Clothing,3,30,90
445,22-01-2023,CUST445,53,Electronics,1,300,300
446,07-06-2023,CUST446,21,Electronics,1,50,50
447,06-07-2023,CUST447,22,Beauty,4,500,2000
448,21-01-2023,CUST448,54,Beauty,2,30,60
449,03-07-2023,CUST449,25,Electronics,4,50,200
450,18-04-2023,CUST450,59,Beauty,2,25,50
451,16-12-2023,CUST451,45,Electronics,1,30,30
452,08-05-2023,CUST452,48,Clothing,3,500,1500
453,08-12-2023,CUST453,26,Clothing,2,500,1000
454,22-02-2023,CUST454,46,Beauty,1,25,25
455,01-07-2023,CUST455,31,Electronics,4,25,100
456,14-10-2023,CUST456,57,Electronics,2,30,60
457,28-07-2023,CUST457,58,Beauty,3,300,900
458,14-11-2023,CUST458,39,Electronics,4,25,100
459,21-03-2023,CUST459,28,Clothing,4,300,1200
460,02-05-2023,CUST460,40,Beauty,1,50,50
461,25-03-2023,CUST461,18,Beauty,2,500,1000
462,01-04-2023,CUST462,63,Electronics,4,300,1200
463,31-07-2023,CUST463,54,Beauty,3,500,1500
464,13-01-2023,CUST464,38,Electronics,2,300,600
465,02-04-2023,CUST465,43,Electronics,3,50,150
466,20-06-2023,CUST466,63,Electronics,4,25,100
467,30-07-2023,CUST467,53,Electronics,3,50,150
468,09-12-2023,CUST468,40,Electronics,1,25,25
469,08-05-2023,CUST469,18,Beauty,3,25,75
470,17-05-2023,CUST470,57,Clothing,2,500,1000
471,23-03-2023,CUST471,32,Clothing,3,50,150
472,26-12-2023,CUST472,38,Beauty,3,300,900
473,25-02-2023,CUST473,64,Beauty,1,50,50
474,15-07-2023,CUST474,26,Clothing,3,500,1500
475,20-01-2023,CUST475,26,Clothing,3,25,75
476,29-08-2023,CUST476,27,Clothing,4,500,2000
477,24-04-2023,CUST477,43,Clothing,4,30,120
478,13-04-2023,CUST478,58,Clothing,2,30,60
479,24-08-2023,CUST479,52,Electronics,4,300,1200
480,29-06-2023,CUST480,42,Beauty,4,500,2000
481,06-06-2023,CUST481,43,Electronics,4,300,1200
482,27-04-2023,CUST482,28,Clothing,4,300,1200
483,25-04-2023,CUST483,55,Clothing,1,30,30
484,13-01-2023,CUST484,19,Clothing,4,300,1200
485,04-12-2023,CUST485,24,Electronics,1,30,30
486,09-04-2023,CUST486,35,Electronics,1,25,25
487,24-07-2023,CUST487,44,Clothing,4,500,2000
488,18-06-2023,CUST488,51,Electronics,3,300,900
489,23-05-2023,CUST489,44,Electronics,1,30,30
490,05-02-2023,CUST490,34,Clothing,3,50,150
491,23-05-2023,CUST491,60,Electronics,3,300,900
492,29-06-2023,CUST492,61,Beauty,4,25,100
493,25-11-2023,CUST493,41,Beauty,2,25,50
494,18-09-2023,CUST494,42,Beauty,4,50,200
495,24-07-2023,CUST495,24,Beauty,2,30,60
496,14-12-2023,CUST496,23,Clothing,2,300,600
497,02-10-2023,CUST497,41,Clothing,4,30,120
498,19-06-2023,CUST498,50,Clothing,4,25,100
499,15-01-2023,CUST499,46,Beauty,2,30,60
500,01-03-2023,CUST500,60,Beauty,4,25,100
501,14-05-2023,CUST501,39,Electronics,2,30,60
502,02-04-2023,CUST502,43,Electronics,3,50,150
503,25-10-2023,CUST503,45,Beauty,4,500,2000
504,16-05-2023,CUST504,38,Beauty,3,50,150
505,20-01-2023,CUST505,24,Beauty,1,50,50
506,25-02-2023,CUST506,34,Beauty,3,500,1500
507,02-11-2023,CUST507,37,Electronics,3,500,1500
508,11-08-2023,CUST508,58,Beauty,2,300,600
509,26-06-2023,CUST509,37,Electronics,3,300,900
510,10-06-2023,CUST510,39,Beauty,4,50,200
511,12-08-2023,CUST511,45,Beauty,2,50,100
512,07-11-2023,CUST512,57,Beauty,1,25,25
513,19-09-2023,CUST513,24,Electronics,4,25,100
514,01-03-2023,CUST514,18,Electronics,1,300,300
515,17-07-2023,CUST515,49,Clothing,3,300,900
516,23-10-2023,CUST516,30,Beauty,4,25,100
517,08-04-2023,CUST517,47,Clothing,4,25,100
518,11-05-2023,CUST518,40,Clothing,1,30,30
519,23-01-2023,CUST519,36,Electronics,4,30,120
520,29-12-2023,CUST520,49,Electronics,4,25,100
521,12-08-2023,CUST521,47,Clothing,4,30,120
522,01-01-2023,CUST522,46,Beauty,3,500,1500
523,24-09-2023,CUST523,62,Electronics,1,300,300
524,03-10-2023,CUST524,46,Beauty,4,300,1200
525,18-12-2023,CUST525,47,Beauty,2,25,50
526,10-12-2023,CUST526,33,Clothing,2,50,100
527,11-04-2023,CUST527,57,Clothing,2,25,50
528,06-07-2023,CUST528,36,Clothing,2,30,60
529,09-08-2023,CUST529,35,Clothing,3,50,150
530,05-02-2023,CUST530,18,Electronics,4,30,120
531,07-12-2023,CUST531,31,Electronics,1,500,500
532,19-06-2023,CUST532,64,Clothing,4,30,120
533,16-11-2023,CUST533,19,Electronics,3,500,1500
534,10-06-2023,CUST534,45,Clothing,2,500,1000
535,06-12-2023,CUST535,47,Beauty,3,30,90
536,05-03-2023,CUST536,55,Beauty,4,30,120
537,03-06-2023,CUST537,21,Beauty,1,500,500
538,17-09-2023,CUST538,18,Clothing,3,50,150
539,08-06-2023,CUST539,25,Beauty,1,500,500
540,08-12-2023,CUST540,46,Electronics,3,300,900
541,29-07-2023,CUST541,56,Beauty,1,500,500
542,17-06-2023,CUST542,20,Beauty,1,50,50
543,26-07-2023,CUST543,49,Beauty,2,300,600
544,23-12-2023,CUST544,27,Electronics,1,25,25
545,01-06-2023,CUST545,27,Clothing,2,25,50
546,11-10-2023,CUST546,36,Electronics,4,50,200
547,07-03-2023,CUST547,63,Clothing,4,500,2000
548,09-04-2023,CUST548,51,Clothing,2,30,60
549,04-08-2023,CUST549,50,Beauty,2,50,100
550,07-12-2023,CUST550,40,Clothing,3,300,900
551,14-07-2023,CUST551,45,Electronics,3,300,900
552,13-12-2023,CUST552,49,Electronics,3,25,75
553,31-03-2023,CUST553,24,Clothing,4,300,1200
554,12-11-2023,CUST554,46,Beauty,3,50,150
555,19-10-2023,CUST555,25,Beauty,1,300,300
556,04-06-2023,CUST556,18,Electronics,1,50,50
557,27-07-2023,CUST557,20,Beauty,3,30,90
558,08-10-2023,CUST558,41,Clothing,1,25,25
559,01-01-2023,CUST559,40,Clothing,4,300,1200
560,05-06-2023,CUST560,25,Electronics,1,50,50
561,27-05-2023,CUST561,64,Clothing,4,500,2000
562,18-04-2023,CUST562,54,Electronics,2,25,50
563,09-08-2023,CUST563,20,Clothing,2,30,60
564,24-10-2023,CUST564,50,Electronics,2,50,100
565,07-11-2023,CUST565,45,Beauty,2,30,60
566,02-12-2023,CUST566,64,Clothing,1,30,30
567,14-06-2023,CUST567,25,Clothing,3,300,900
568,27-08-2023,CUST568,51,Electronics,1,300,300
569,15-08-2023,CUST569,52,Electronics,4,50,200
570,15-08-2023,CUST570,49,Clothing,1,500,500
571,12-12-2023,CUST571,41,Electronics,1,50,50
572,20-04-2023,CUST572,31,Clothing,4,500,2000
573,19-09-2023,CUST573,49,Beauty,2,30,60
574,31-08-2023,CUST574,63,Electronics,2,25,50
575,28-03-2023,CUST575,60,Clothing,2,50,100
576,04-12-2023,CUST576,33,Beauty,3,50,150
577,13-02-2023,CUST577,21,Beauty,4,500,2000
578,26-05-2023,CUST578,54,Clothing,4,30,120
579,21-09-2023,CUST579,38,Electronics,1,30,30
580,06-12-2023,CUST580,31,Clothing,3,500,1500
581,21-11-2023,CUST581,48,Beauty,2,30,60
582,14-11-2023,CUST582,35,Clothing,3,300,900
583,21-06-2023,CUST583,24,Electronics,4,25,100
584,17-02-2023,CUST584,27,Beauty,4,50,200
585,01-05-2023,CUST585,24,Clothing,1,25,25
586,11-12-2023,CUST586,50,Electronics,1,50,50
587,08-06-2023,CUST587,40,Beauty,4,300,1200
588,26-04-2023,CUST588,38,Electronics,2,30,60
589,12-04-2023,CUST589,36,Beauty,2,500,1000
590,17-03-2023,CUST590,36,Clothing,3,300,900
591,13-01-2023,CUST591,53,Electronics,4,25,100
592,24-01-2023,CUST592,46,Beauty,4,500,2000
593,06-05-2023,CUST593,35,Electronics,2,30,60
594,01-09-2023,CUST594,19,Electronics,2,300,600
595,09-11-2023,CUST595,18,Clothing,4,500,2000
596,07-02-2023,CUST596,64,Electronics,1,300,300
597,22-08-2023,CUST597,22,Beauty,4,300,1200
598,01-08-2023,CUST598,37,Beauty,4,30,120
599,19-11-2023,CUST599,28,Beauty,2,50,100
600,22-10-2023,CUST600,59,Beauty,2,500,1000
601,10-04-2023,CUST601,19,Clothing,1,30,30
602,23-12-2023,CUST602,20,Electronics,1,300,300
603,16-07-2023,CUST603,40,Clothing,3,30,90
604,11-09-2023,CUST604,29,Electronics,4,50,200
605,24-07-2023,CUST605,37,Electronics,2,500,1000
606,05-05-2023,CUST606,22,Electronics,1,50,50
607,17-03-2023,CUST607,54,Clothing,3,25,75
608,02-12-2023,CUST608,55,Electronics,3,500,1500
609,19-12-2023,CUST609,47,Clothing,2,50,100
610,03-01-2023,CUST610,26,Beauty,2,300,600
611,24-02-2023,CUST611,51,Beauty,3,500,1500
612,06-08-2023,CUST612,61,Electronics,1,500,500
613,23-04-2023,CUST613,52,Clothing,3,30,90
614,01-04-2023,CUST614,39,Beauty,4,300,1200
615,23-12-2023,CUST615,61,Clothing,4,25,100
616,23-09-2023,CUST616,41,Clothing,2,50,100
617,26-08-2023,CUST617,34,Electronics,1,30,30
618,26-01-2023,CUST618,27,Beauty,1,50,50
619,13-10-2023,CUST619,47,Electronics,4,25,100
620,08-05-2023,CUST620,63,Electronics,3,25,75
621,04-03-2023,CUST621,40,Beauty,2,500,1000
622,22-08-2023,CUST622,49,Beauty,3,25,75
623,10-03-2023,CUST623,34,Clothing,3,50,150
624,26-08-2023,CUST624,34,Beauty,3,300,900
625,08-12-2023,CUST625,31,Clothing,1,300,300
626,29-09-2023,CUST626,26,Clothing,4,500,2000
627,14-10-2023,CUST627,57,Clothing,1,50,50
628,01-11-2023,CUST628,19,Beauty,4,50,200
629,12-06-2023,CUST629,62,Electronics,2,25,50
630,15-08-2023,CUST630,42,Clothing,2,50,100
631,10-11-2023,CUST631,56,Electronics,3,30,90
632,16-09-2023,CUST632,26,Electronics,4,25,100
633,07-08-2023,CUST633,39,Beauty,4,30,120
634,08-10-2023,CUST634,60,Electronics,4,500,2000
635,17-08-2023,CUST635,63,Electronics,3,300,900
636,23-03-2023,CUST636,21,Beauty,3,500,1500
637,01-09-2023,CUST637,43,Clothing,2,300,600
638,19-08-2023,CUST638,46,Electronics,1,500,500
639,13-05-2023,CUST639,62,Beauty,4,50,200
640,07-05-2023,CUST640,51,Electronics,4,30,120
641,23-11-2023,CUST641,40,Electronics,1,300,300
642,22-05-2023,CUST642,54,Clothing,4,25,100
643,24-09-2023,CUST643,28,Electronics,3,30,90
644,06-09-2023,CUST644,23,Beauty,3,25,75
645,17-11-2023,CUST645,35,Electronics,4,30,120
646,03-05-2023,CUST646,38,Clothing,3,30,90
647,21-05-2023,CUST647,59,Clothing,3,500,1500
648,14-08-2023,CUST648,53,Beauty,4,300,1200
649,09-02-2023,CUST649,58,Clothing,2,300,600
650,01-01-2024,CUST650,55,Electronics,1,30,30
651,27-05-2023,CUST651,51,Clothing,3,50,150
652,01-05-2023,CUST652,34,Beauty,2,50,100
653,20-05-2023,CUST653,54,Clothing,3,25,75
654,21-06-2023,CUST654,42,Clothing,3,25,75
655,13-06-2023,CUST655,55,Clothing,1,500,500
656,04-10-2023,CUST656,29,Beauty,3,30,90
657,11-02-2023,CUST657,40,Clothing,1,25,25
658,12-03-2023,CUST658,59,Clothing,1,25,25
659,19-03-2023,CUST659,39,Electronics,1,30,30
660,29-04-2023,CUST660,38,Beauty,2,500,1000
661,16-07-2023,CUST661,44,Clothing,4,25,100
662,22-12-2023,CUST662,48,Beauty,2,500,1000
663,20-03-2023,CUST663,23,Clothing,4,300,1200
664,28-12-2023,CUST664,44,Clothing,4,500,2000
665,20-04-2023,CUST665,57,Clothing,1,50,50
666,02-02-2023,CUST666,51,Electronics,3,50,150
667,01-08-2023,CUST667,29,Electronics,1,500,500
668,28-07-2023,CUST668,62,Electronics,3,50,150
669,19-06-2023,CUST669,24,Beauty,4,300,1200
670,05-10-2023,CUST670,27,Beauty,1,30,30
671,27-08-2023,CUST671,62,Electronics,3,50,150
672,01-08-2023,CUST672,34,Beauty,2,50,100
673,01-02-2023,CUST673,43,Clothing,3,500,1500
674,16-04-2023,CUST674,38,Clothing,1,300,300
675,04-08-2023,CUST675,45,Clothing,2,30,60
676,19-07-2023,CUST676,63,Electronics,3,500,1500
677,27-10-2023,CUST677,19,Beauty,3,500,1500
678,23-12-2023,CUST678,60,Electronics,3,300,900
679,11-01-2023,CUST679,18,Beauty,3,30,90
680,22-10-2023,CUST680,53,Clothing,3,300,900
681,14-07-2023,CUST681,43,Electronics,2,30,60
682,02-09-2023,CUST682,46,Beauty,4,300,1200
683,04-01-2023,CUST683,38,Beauty,2,500,1000
684,30-06-2023,CUST684,28,Clothing,2,500,1000
685,02-06-2023,CUST685,57,Electronics,2,25,50
686,19-07-2023,CUST686,28,Electronics,4,50,200
687,03-08-2023,CUST687,53,Electronics,1,300,300
688,03-10-2023,CUST688,56,Clothing,4,25,100
689,07-10-2023,CUST689,57,Electronics,2,50,100
690,05-11-2023,CUST690,52,Clothing,3,300,900
691,23-04-2023,CUST691,51,Clothing,3,30,90
692,07-09-2023,CUST692,64,Clothing,2,50,100
693,23-04-2023,CUST693,41,Beauty,3,500,1500
694,20-05-2023,CUST694,39,Electronics,2,25,50
695,12-08-2023,CUST695,22,Electronics,3,50,150
696,06-09-2023,CUST696,50,Clothing,4,50,200
697,15-01-2023,CUST697,53,Clothing,1,500,500
698,19-07-2023,CUST698,64,Electronics,1,300,300
699,22-06-2023,CUST699,37,Clothing,4,30,120
700,09-12-2023,CUST700,36,Electronics,4,500,2000
701,14-12-2023,CUST701,52,Beauty,2,30,60
702,27-07-2023,CUST702,60,Clothing,2,300,600
703,26-03-2023,CUST703,34,Electronics,2,50,100
704,28-08-2023,CUST704,62,Clothing,3,30,90
705,07-03-2023,CUST705,60,Electronics,2,25,50
706,15-11-2023,CUST706,51,Electronics,4,25,100
707,01-10-2023,CUST707,26,Clothing,1,500,500
708,14-01-2023,CUST708,43,Beauty,3,300,900
709,21-07-2023,CUST709,19,Electronics,2,500,1000
710,31-10-2023,CUST710,26,Electronics,3,500,1500
711,16-10-2023,CUST711,26,Electronics,3,500,1500
712,06-12-2023,CUST712,57,Beauty,2,25,50
713,14-01-2023,CUST713,34,Beauty,3,25,75
714,12-02-2023,CUST714,18,Clothing,1,500,500
715,26-11-2023,CUST715,42,Beauty,4,25,100
716,08-08-2023,CUST716,60,Clothing,4,300,1200
717,11-03-2023,CUST717,57,Clothing,1,500,500
718,25-08-2023,CUST718,59,Beauty,3,25,75
719,04-04-2023,CUST719,42,Clothing,2,30,60
720,26-01-2023,CUST720,56,Beauty,3,500,1500
721,14-05-2023,CUST721,52,Clothing,1,500,500
722,14-07-2023,CUST722,20,Beauty,3,300,900
723,17-06-2023,CUST723,54,Beauty,4,50,200
724,19-04-2023,CUST724,61,Clothing,3,50,150
725,21-08-2023,CUST725,61,Electronics,1,300,300
726,17-06-2023,CUST726,47,Clothing,4,300,1200
727,22-06-2023,CUST727,55,Beauty,3,300,900
728,14-07-2023,CUST728,51,Electronics,3,50,150
729,23-05-2023,CUST729,29,Clothing,4,300,1200
730,04-08-2023,CUST730,36,Clothing,2,25,50
731,10-05-2023,CUST731,54,Clothing,4,500,2000
732,11-02-2023,CUST732,61,Electronics,2,500,1000
733,29-08-2023,CUST733,34,Beauty,1,30,30
734,10-01-2023,CUST734,27,Clothing,1,30,30
735,04-10-2023,CUST735,64,Clothing,4,500,2000
736,27-01-2023,CUST736,29,Clothing,4,25,100
737,29-06-2023,CUST737,33,Clothing,1,50,50
738,25-04-2023,CUST738,41,Clothing,2,50,100
739,29-11-2023,CUST739,36,Beauty,1,25,25
740,05-02-2023,CUST740,25,Beauty,4,50,200
741,30-11-2023,CUST741,48,Clothing,1,300,300
742,21-01-2023,CUST742,38,Electronics,4,500,2000
743,16-01-2023,CUST743,34,Beauty,4,500,2000
744,07-05-2023,CUST744,40,Electronics,1,25,25
745,13-04-2023,CUST745,54,Beauty,2,50,100
746,11-01-2023,CUST746,33,Clothing,3,30,90
747,15-11-2023,CUST747,23,Beauty,1,30,30
748,20-03-2023,CUST748,25,Clothing,3,50,150
749,03-05-2023,CUST749,42,Beauty,1,30,30
750,06-03-2023,CUST750,35,Clothing,3,25,75
751,31-08-2023,CUST751,42,Clothing,2,25,50
752,09-12-2023,CUST752,29,Clothing,2,50,100
753,28-02-2023,CUST753,32,Clothing,1,30,30
754,16-10-2023,CUST754,43,Electronics,4,25,100
755,22-04-2023,CUST755,58,Clothing,3,25,75
756,27-08-2023,CUST756,62,Electronics,4,300,1200
757,25-12-2023,CUST757,43,Electronics,4,300,1200
758,12-05-2023,CUST758,64,Clothing,4,25,100
759,08-07-2023,CUST759,49,Electronics,2,50,100
760,27-03-2023,CUST760,27,Beauty,1,500,500
761,07-11-2023,CUST761,33,Clothing,1,500,500
762,07-11-2023,CUST762,24,Electronics,2,25,50
763,28-02-2023,CUST763,34,Clothing,2,25,50
764,25-03-2023,CUST764,40,Clothing,1,25,25
765,09-06-2023,CUST765,43,Clothing,4,50,200
766,25-02-2023,CUST766,38,Electronics,3,300,900
767,24-10-2023,CUST767,39,Beauty,3,25,75
768,14-01-2023,CUST768,24,Beauty,3,25,75
769,09-06-2023,CUST769,31,Electronics,4,30,120
770,22-10-2023,CUST770,32,Clothing,1,50,50
771,13-12-2023,CUST771,24,Electronics,2,25,50
772,12-07-2023,CUST772,26,Electronics,1,30,30
773,23-07-2023,CUST773,25,Electronics,4,500,2000
774,12-04-2023,CUST774,40,Clothing,2,25,50
775,08-02-2023,CUST775,46,Electronics,4,25,100
776,31-10-2023,CUST776,35,Clothing,3,30,90
777,20-12-2023,CUST777,48,Electronics,3,50,150
778,18-11-2023,CUST778,47,Beauty,4,25,100
779,05-05-2023,CUST779,56,Electronics,2,500,1000
780,22-02-2023,CUST780,52,Electronics,2,25,50
781,23-12-2023,CUST781,35,Beauty,1,500,500
782,04-06-2023,CUST782,59,Clothing,3,300,900
783,17-12-2023,CUST783,56,Clothing,1,300,300
784,04-11-2023,CUST784,34,Electronics,1,500,500
785,03-03-2023,CUST785,31,Beauty,4,50,200
786,17-10-2023,CUST786,48,Clothing,4,25,100
787,22-01-2023,CUST787,41,Electronics,1,25,25
788,27-06-2023,CUST788,52,Beauty,3,300,900
789,30-09-2023,CUST789,61,Clothing,4,500,2000
790,08-08-2023,CUST790,62,Clothing,1,25,25
791,05-12-2023,CUST791,51,Beauty,1,25,25
792,09-07-2023,CUST792,20,Beauty,1,50,50
793,05-02-2023,CUST793,54,Beauty,1,30,30
794,17-09-2023,CUST794,60,Beauty,1,300,300
795,28-11-2023,CUST795,57,Electronics,1,300,300
796,24-06-2023,CUST796,43,Beauty,4,30,120
797,07-01-2023,CUST797,40,Clothing,3,25,75
798,04-08-2023,CUST798,61,Clothing,1,50,50
799,08-09-2023,CUST799,56,Electronics,2,50,100
800,24-02-2023,CUST800,32,Clothing,4,300,1200
801,10-08-2023,CUST801,21,Clothing,4,50,200
802,05-07-2023,CUST802,46,Beauty,1,30,30
803,22-11-2023,CUST803,39,Clothing,4,25,100
804,24-08-2023,CUST804,42,Electronics,1,30,30
805,29-12-2023,CUST805,30,Beauty,3,500,1500
806,20-03-2023,CUST806,35,Beauty,3,300,900
807,11-08-2023,CUST807,50,Electronics,4,50,200
808,01-04-2023,CUST808,33,Beauty,4,500,2000
809,25-09-2023,CUST809,62,Beauty,2,50,100
810,30-11-2023,CUST810,59,Electronics,4,25,100
811,19-05-2023,CUST811,61,Beauty,2,25,50
812,12-11-2023,CUST812,19,Electronics,3,25,75
813,03-10-2023,CUST813,52,Electronics,3,50,150
814,05-09-2023,CUST814,59,Clothing,1,500,500
815,27-08-2023,CUST815,51,Clothing,3,25,75
816,12-08-2023,CUST816,47,Beauty,2,500,1000
817,31-10-2023,CUST817,30,Beauty,4,50,200
818,18-05-2023,CUST818,30,Electronics,1,500,500
819,15-06-2023,CUST819,35,Beauty,2,50,100
820,06-05-2023,CUST820,49,Electronics,4,50,200
821,14-02-2023,CUST821,49,Electronics,1,300,300
822,23-05-2023,CUST822,52,Beauty,3,50,150
823,19-08-2023,CUST823,56,Electronics,2,50,100
824,05-05-2023,CUST824,63,Clothing,4,30,120
825,26-08-2023,CUST825,46,Beauty,1,25,25
826,19-10-2023,CUST826,46,Clothing,1,300,300
827,09-11-2023,CUST827,61,Beauty,3,300,900
828,09-12-2023,CUST828,33,Electronics,4,300,1200
829,14-07-2023,CUST829,61,Beauty,3,30,90
830,22-06-2023,CUST830,64,Clothing,3,50,150
831,15-01-2023,CUST831,27,Electronics,4,25,100
832,11-09-2023,CUST832,47,Beauty,4,500,2000
833,16-06-2023,CUST833,42,Beauty,4,50,200
834,04-04-2023,CUST834,56,Beauty,2,30,60
835,07-09-2023,CUST835,37,Clothing,4,50,200
836,19-04-2023,CUST836,22,Clothing,1,50,50
837,01-07-2023,CUST837,18,Beauty,3,30,90
838,13-05-2023,CUST838,47,Electronics,2,300,600
839,24-06-2023,CUST839,20,Electronics,4,300,1200
840,24-05-2023,CUST840,62,Clothing,2,25,50
841,02-11-2023,CUST841,31,Electronics,4,25,100
842,26-12-2023,CUST842,47,Clothing,2,300,600
843,22-05-2023,CUST843,21,Beauty,3,500,1500
844,12-10-2023,CUST844,35,Clothing,3,50,150
845,06-01-2023,CUST845,54,Clothing,1,500,500
846,22-09-2023,CUST846,42,Beauty,1,50,50
847,08-04-2023,CUST847,18,Electronics,4,300,1200
848,13-02-2023,CUST848,63,Clothing,3,25,75
849,04-05-2023,CUST849,32,Clothing,2,25,50
850,28-07-2023,CUST850,26,Beauty,2,500,1000
851,08-09-2023,CUST851,32,Electronics,2,25,50
852,12-10-2023,CUST852,41,Clothing,1,300,300
853,04-05-2023,CUST853,21,Beauty,2,500,1000
854,20-12-2023,CUST854,29,Clothing,1,50,50
855,01-09-2023,CUST855,54,Beauty,1,25,25
856,27-11-2023,CUST856,54,Electronics,4,30,120
857,31-12-2023,CUST857,60,Electronics,2,25,50
858,09-09-2023,CUST858,23,Electronics,2,50,100
859,18-08-2023,CUST859,56,Electronics,3,500,1500
860,09-01-2023,CUST860,63,Clothing,4,50,200
861,17-02-2023,CUST861,41,Clothing,3,30,90
862,31-05-2023,CUST862,28,Electronics,4,300,1200
863,24-04-2023,CUST863,30,Electronics,2,25,50
864,27-07-2023,CUST864,51,Electronics,1,500,500
865,21-12-2023,CUST865,42,Clothing,1,300,300
866,05-05-2023,CUST866,24,Electronics,1,50,50
867,06-06-2023,CUST867,21,Electronics,1,500,500
868,06-12-2023,CUST868,25,Electronics,1,300,300
869,25-10-2023,CUST869,37,Beauty,3,500,1500
870,08-07-2023,CUST870,46,Electronics,4,30,120
871,31-08-2023,CUST871,62,Beauty,2,30,60
872,11-10-2023,CUST872,63,Beauty,3,25,75
873,29-09-2023,CUST873,27,Electronics,4,25,100
874,26-06-2023,CUST874,60,Beauty,1,30,30
875,06-08-2023,CUST875,51,Electronics,4,500,2000
876,09-10-2023,CUST876,43,Clothing,4,30,120
877,19-06-2023,CUST877,58,Clothing,1,25,25
878,30-06-2023,CUST878,20,Clothing,1,30,30
879,26-12-2023,CUST879,23,Clothing,1,30,30
880,21-08-2023,CUST880,22,Beauty,2,500,1000
881,19-05-2023,CUST881,22,Electronics,1,300,300
882,06-06-2023,CUST882,64,Electronics,2,25,50
883,09-05-2023,CUST883,40,Electronics,1,500,500
884,29-04-2023,CUST884,26,Clothing,2,30,60
885,03-03-2023,CUST885,52,Clothing,4,30,120
886,09-04-2023,CUST886,37,Electronics,3,300,900
887,11-06-2023,CUST887,59,Clothing,4,25,100
888,03-03-2023,CUST888,52,Electronics,4,25,100
889,02-10-2023,CUST889,35,Electronics,1,50,50
890,20-12-2023,CUST890,34,Electronics,2,25,50
891,05-04-2023,CUST891,41,Electronics,3,300,900
892,09-04-2023,CUST892,20,Electronics,1,50,50
893,21-04-2023,CUST893,49,Electronics,1,50,50
894,05-09-2023,CUST894,52,Electronics,1,30,30
895,22-05-2023,CUST895,55,Clothing,4,30,120
896,29-10-2023,CUST896,30,Electronics,2,25,50
897,26-09-2023,CUST897,64,Electronics,2,50,100
898,02-11-2023,CUST898,42,Clothing,3,30,90
899,25-05-2023,CUST899,26,Clothing,2,300,600
900,21-02-2023,CUST900,21,Clothing,2,30,60
901,10-04-2023,CUST901,31,Electronics,1,30,30
902,01-06-2023,CUST902,54,Beauty,1,50,50
903,27-04-2023,CUST903,51,Beauty,4,50,200
904,04-07-2023,CUST904,28,Clothing,1,500,500
905,02-04-2023,CUST905,58,Beauty,1,300,300
906,04-06-2023,CUST906,20,Clothing,1,50,50
907,08-01-2023,CUST907,45,Electronics,1,25,25
908,29-12-2023,CUST908,46,Beauty,4,300,1200
909,01-10-2023,CUST909,26,Electronics,1,300,300
910,06-03-2023,CUST910,20,Beauty,3,50,150
911,21-05-2023,CUST911,42,Electronics,3,300,900
912,24-01-2023,CUST912,51,Beauty,3,50,150
913,28-01-2023,CUST913,29,Electronics,3,30,90
914,11-10-2023,CUST914,59,Electronics,1,500,500
915,30-05-2023,CUST915,26,Beauty,3,30,90
916,24-12-2023,CUST916,32,Electronics,1,50,50
917,06-03-2023,CUST917,57,Electronics,4,50,200
918,23-11-2023,CUST918,42,Electronics,3,30,90
919,09-09-2023,CUST919,22,Beauty,2,25,50
920,22-02-2023,CUST920,28,Beauty,3,25,75
921,07-01-2023,CUST921,51,Electronics,3,25,75
922,21-10-2023,CUST922,41,Electronics,1,50,50
923,26-05-2023,CUST923,32,Beauty,3,300,900
924,29-08-2023,CUST924,55,Beauty,2,50,100
925,03-09-2023,CUST925,25,Electronics,1,300,300
926,14-08-2023,CUST926,22,Electronics,1,30,30
927,24-06-2023,CUST927,43,Electronics,4,500,2000
928,05-04-2023,CUST928,35,Clothing,4,300,1200
929,27-01-2023,CUST929,23,Beauty,3,25,75
930,10-05-2023,CUST930,54,Clothing,4,50,200
931,02-09-2023,CUST931,30,Beauty,4,30,120
932,28-02-2023,CUST932,45,Beauty,4,25,100
933,03-02-2023,CUST933,22,Beauty,1,30,30
934,25-07-2023,CUST934,30,Beauty,1,500,500
935,09-09-2023,CUST935,34,Beauty,1,50,50
936,07-02-2023,CUST936,57,Beauty,4,50,200
937,23-10-2023,CUST937,62,Beauty,1,500,500
938,19-11-2023,CUST938,49,Clothing,4,50,200
939,18-12-2023,CUST939,46,Electronics,1,300,300
940,28-01-2023,CUST940,20,Electronics,1,30,30
941,19-03-2023,CUST941,57,Clothing,2,25,50
942,18-03-2023,CUST942,51,Clothing,3,500,1500
943,16-10-2023,CUST943,57,Clothing,4,300,1200
944,05-06-2023,CUST944,44,Clothing,2,25,50
945,13-02-2023,CUST945,30,Beauty,1,25,25
946,08-05-2023,CUST946,62,Electronics,4,500,2000
947,02-03-2023,CUST947,50,Beauty,1,300,300
948,13-10-2023,CUST948,23,Electronics,3,25,75
949,02-08-2023,CUST949,41,Electronics,2,25,50
950,07-11-2023,CUST950,36,Clothing,3,300,900
951,02-11-2023,CUST951,33,Beauty,2,50,100
952,13-11-2023,CUST952,57,Clothing,1,25,25
953,26-04-2023,CUST953,45,Beauty,3,30,90
954,25-09-2023,CUST954,50,Electronics,3,300,900
955,14-07-2023,CUST955,58,Clothing,1,25,25
956,19-08-2023,CUST956,30,Clothing,3,500,1500
957,15-08-2023,CUST957,60,Electronics,4,30,120
958,02-06-2023,CUST958,62,Electronics,2,25,50
959,29-10-2023,CUST959,42,Electronics,2,30,60
960,08-08-2023,CUST960,59,Clothing,2,30,60
961,06-06-2023,CUST961,53,Beauty,4,50,200
962,19-10-2023,CUST962,44,Clothing,2,30,60
963,14-11-2023,CUST963,55,Beauty,1,50,50
964,31-01-2023,CUST964,24,Clothing,3,300,900
965,09-11-2023,CUST965,22,Clothing,4,50,200
966,20-02-2023,CUST966,60,Electronics,2,500,1000
967,17-04-2023,CUST967,62,Beauty,1,25,25
968,17-11-2023,CUST968,48,Clothing,3,300,900
969,19-04-2023,CUST969,40,Clothing,3,300,900
970,16-05-2023,CUST970,59,Electronics,4,500,2000
971,05-12-2023,CUST971,27,Electronics,4,50,200
972,11-02-2023,CUST972,49,Beauty,4,25,100
973,22-03-2023,CUST973,60,Clothing,1,50,50
974,03-05-2023,CUST974,47,Beauty,1,30,30
975,30-03-2023,CUST975,56,Clothing,4,50,200
976,10-10-2023,CUST976,48,Beauty,2,300,600
977,08-02-2023,CUST977,35,Electronics,3,25,75
978,22-03-2023,CUST978,53,Clothing,3,50,150
979,02-01-2023,CUST979,19,Beauty,1,25,25
980,29-07-2023,CUST980,31,Electronics,3,25,75
981,19-08-2023,CUST981,30,Electronics,2,30,60
982,19-12-2023,CUST982,46,Beauty,3,30,90
983,01-11-2023,CUST983,29,Clothing,1,300,300
984,29-08-2023,CUST984,56,Clothing,1,500,500
985,30-05-2023,CUST985,19,Electronics,2,25,50
986,17-01-2023,CUST986,49,Clothing,2,500,1000
987,29-04-2023,CUST987,30,Clothing,3,300,900
988,28-05-2023,CUST988,63,Clothing,3,25,75
989,28-12-2023,CUST989,44,Electronics,1,25,25
990,25-05-2023,CUST990,58,Beauty,2,500,1000
991,26-12-2023,CUST991,34,Clothing,2,50,100
992,21-08-2023,CUST992,57,Electronics,2,30,60
993,06-02-2023,CUST993,48,Electronics,3,50,150
994,18-12-2023,CUST994,51,Beauty,2,500,1000
995,30-04-2023,CUST995,41,Clothing,1,30,30
996,16-05-2023,CUST996,62,Clothing,1,50,50
997,17-11-2023,CUST997,52,Beauty,3,30,90
998,29-10-2023,CUST998,23,Beauty,4,25,100
999,05-12-2023,CUST999,36,Electronics,3,50,150
1000,12-04-2023,CUST1000,47,Electronics,4,30,120
